feature,weight
etx,0.32857330845317884
hop_count,0.15896962792908517
energy,0.2880302033854018
degree,0.22442686023233424
